user_id,name,city,age,interests,joined
0,Krishna Ishaan,Kolkata,46,"cultural,education,technology",2025-02-25
1,Aditya Aarav,Hyderabad,20,"business,sports,entertainment",2025-05-19
2,Aanya Shaurya,Lucknow,48,"business,food,spiritual",2024-06-03
3,Arjun Shaurya,Lucknow,26,"cultural,entertainment,business",2023-05-27
4,Diya Krishna,Mumbai,26,"technology,cultural,spiritual",2023-08-20
5,Ishaan Ananya,Hyderabad,46,"education,food,technology",2022-12-04
6,Aanya Aarav,Hyderabad,47,"technology,spiritual,cultural",2023-02-12
7,Ishaan Arjun,Delhi,50,"technology,spiritual,education",2024-09-18
8,Diya Aanya,Chennai,25,"technology,spiritual,entertainment",2023-04-22
9,Diya Diya,Chennai,49,"cultural,entertainment,business",2025-03-28
10,Vihaan Krishna,Kolkata,54,"food,spiritual,sports",2023-06-03
11,Shaurya Aanya,Ahmedabad,38,"entertainment,food,sports",2023-09-20
12,Anika Myra,Ahmedabad,55,"entertainment,education,cultural",2023-08-25
13,Aanya Myra,Pune,27,"sports,entertainment,spiritual",2024-10-09
14,Shaurya Myra,Pune,56,"business,food,education",2023-04-17
15,Aditya Aarav,Mumbai,50,"spiritual,education,sports",2024-03-13
16,Myra Ishaan,Mumbai,51,"technology,sports,cultural",2024-03-22
17,Krishna Shaurya,Bangalore,60,"technology,food,business",2025-03-21
18,Arjun Krishna,Ahmedabad,33,"business,spiritual,education",2024-03-14
19,Aditya Aanya,Mumbai,31,"spiritual,education,business",2022-10-22
20,Aanya Vihaan,Mumbai,29,"business,entertainment,spiritual",2023-02-24
21,Krishna Aanya,Pune,22,"technology,spiritual,entertainment",2024-07-18
22,Arjun Ishaan,Lucknow,55,"cultural,technology,entertainment",2025-04-06
23,Vihaan Aarav,Delhi,37,"cultural,technology,spiritual",2022-12-20
24,Diya Aanya,Hyderabad,27,"spiritual,technology,food",2022-10-28
25,Shaurya Ananya,Chennai,20,"entertainment,food,sports",2024-11-24
26,Diya Arjun,Bangalore,35,"technology,education,food",2023-11-14
27,Myra Ishaan,Pune,53,"spiritual,education,sports",2023-11-12
28,Myra Aarav,Delhi,47,"business,education,spiritual",2023-09-15
29,Aanya Arjun,Pune,25,"spiritual,cultural,sports",2023-02-23
30,Vihaan Anika,Jaipur,32,"entertainment,cultural,spiritual",2023-04-25
31,Aditya Krishna,Hyderabad,51,"entertainment,business,technology",2024-07-11
32,Aanya Ananya,Hyderabad,24,"food,business,entertainment",2023-08-24
33,Vihaan Aanya,Pune,41,"sports,spiritual,technology",2025-05-06
34,Aditya Aanya,Hyderabad,46,"education,entertainment,business",2025-06-13
35,Aanya Aarav,Mumbai,31,"food,sports,cultural",2024-08-15
36,Ananya Anika,Lucknow,44,"education,spiritual,business",2023-11-19
37,Aanya Ananya,Delhi,36,"spiritual,business,cultural",2023-09-16
38,Anika Shaurya,Jaipur,22,"education,cultural,business",2023-11-04
39,Anika Diya,Lucknow,33,"food,entertainment,sports",2023-02-14
40,Vihaan Aanya,Hyderabad,40,"education,sports,entertainment",2023-09-22
41,Aarav Ananya,Pune,39,"cultural,food,education",2023-07-13
42,Aarav Arjun,Jaipur,36,"entertainment,spiritual,food",2024-09-26
43,Vihaan Krishna,Kolkata,34,"food,cultural,education",2024-07-09
44,Diya Krishna,Lucknow,18,"cultural,entertainment,education",2023-10-02
45,Shaurya Ananya,Ahmedabad,25,"food,sports,spiritual",2025-02-24
46,Ananya Arjun,Kolkata,24,"business,cultural,education",2023-05-03
47,Ishaan Ishaan,Pune,52,"education,technology,sports",2025-04-02
48,Myra Diya,Kolkata,19,"food,education,technology",2023-11-05
49,Anika Krishna,Pune,49,"sports,entertainment,technology",2024-04-04
50,Ishaan Anika,Jaipur,24,"spiritual,technology,cultural",2024-07-05
51,Aarav Aarav,Delhi,57,"business,spiritual,entertainment",2023-11-19
52,Aditya Myra,Kolkata,51,"spiritual,technology,education",2023-05-08
53,Aditya Krishna,Delhi,43,"business,education,food",2023-09-11
54,Krishna Shaurya,Chennai,34,"food,spiritual,technology",2024-03-06
55,Krishna Diya,Bangalore,46,"spiritual,cultural,food",2023-10-31
56,Aditya Aarav,Bangalore,50,"business,sports,entertainment",2023-09-20
57,Vihaan Vihaan,Jaipur,57,"sports,spiritual,entertainment",2023-09-15
58,Aditya Arjun,Ahmedabad,31,"spiritual,cultural,sports",2025-06-12
59,Anika Aditya,Jaipur,46,"cultural,entertainment,sports",2023-08-03
60,Krishna Krishna,Hyderabad,36,"sports,food,spiritual",2024-12-03
61,Vihaan Shaurya,Hyderabad,33,"food,entertainment,business",2024-04-14
62,Anika Krishna,Mumbai,31,"food,business,entertainment",2022-11-17
63,Ishaan Krishna,Ahmedabad,50,"spiritual,cultural,business",2025-06-14
64,Anika Myra,Bangalore,36,"spiritual,business,entertainment",2024-02-01
65,Ananya Myra,Ahmedabad,42,"cultural,business,sports",2023-01-19
66,Shaurya Myra,Mumbai,36,"cultural,education,entertainment",2023-11-12
67,Arjun Arjun,Delhi,21,"cultural,business,food",2022-11-27
68,Aarav Aditya,Kolkata,53,"business,cultural,technology",2025-03-11
69,Krishna Shaurya,Jaipur,54,"technology,entertainment,sports",2025-01-23
70,Arjun Aanya,Jaipur,40,"food,education,business",2023-11-27
71,Ishaan Anika,Hyderabad,27,"education,food,spiritual",2024-11-27
72,Shaurya Krishna,Kolkata,36,"food,business,technology",2023-06-03
73,Diya Shaurya,Ahmedabad,39,"business,cultural,technology",2024-09-15
74,Anika Shaurya,Jaipur,59,"sports,business,technology",2023-02-08
75,Aarav Diya,Pune,36,"entertainment,technology,sports",2023-03-06
76,Myra Diya,Pune,37,"cultural,business,technology",2024-06-18
77,Vihaan Aarav,Chennai,45,"education,technology,sports",2024-09-29
78,Vihaan Shaurya,Delhi,24,"sports,education,cultural",2025-03-02
79,Diya Ananya,Delhi,23,"entertainment,education,sports",2024-01-02
80,Arjun Anika,Chennai,22,"cultural,entertainment,technology",2023-06-29
81,Arjun Vihaan,Mumbai,39,"technology,entertainment,business",2023-02-23
82,Anika Shaurya,Jaipur,30,"cultural,education,technology",2023-11-10
83,Shaurya Krishna,Ahmedabad,38,"cultural,food,business",2024-06-23
84,Myra Aanya,Hyderabad,58,"spiritual,cultural,food",2024-05-04
85,Aditya Myra,Ahmedabad,56,"spiritual,education,entertainment",2024-02-19
86,Ananya Aanya,Jaipur,18,"sports,food,education",2024-01-18
87,Anika Ananya,Chennai,29,"sports,technology,spiritual",2024-09-15
88,Ananya Myra,Hyderabad,48,"technology,sports,food",2024-11-25
89,Arjun Shaurya,Pune,51,"business,education,food",2024-02-06
90,Ananya Anika,Ahmedabad,46,"cultural,spiritual,technology",2023-07-31
91,Shaurya Anika,Pune,18,"cultural,entertainment,food",2024-02-28
92,Aditya Shaurya,Hyderabad,31,"education,spiritual,entertainment",2025-06-07
93,Krishna Diya,Mumbai,54,"entertainment,technology,food",2023-06-30
94,Aanya Anika,Mumbai,52,"entertainment,food,education",2025-01-29
95,Diya Ananya,Kolkata,55,"entertainment,sports,technology",2024-06-08
96,Myra Krishna,Kolkata,41,"technology,education,entertainment",2023-07-13
97,Vihaan Diya,Pune,21,"technology,education,spiritual",2024-04-22
98,Aditya Ananya,Chennai,20,"cultural,business,education",2022-11-14
99,Aarav Aanya,Pune,41,"entertainment,sports,food",2024-12-19
100,Ishaan Myra,Mumbai,25,"business,education,food",2023-02-02
101,Shaurya Myra,Kolkata,39,"spiritual,cultural,technology",2024-07-31
102,Anika Diya,Ahmedabad,44,"entertainment,business,spiritual",2024-02-03
103,Shaurya Ananya,Lucknow,51,"business,cultural,technology",2024-02-21
104,Arjun Arjun,Hyderabad,28,"education,cultural,business",2025-02-04
105,Diya Myra,Lucknow,56,"spiritual,education,food",2023-07-08
106,Krishna Vihaan,Hyderabad,37,"entertainment,education,technology",2025-05-13
107,Aditya Vihaan,Pune,38,"technology,spiritual,food",2022-10-01
108,Shaurya Diya,Lucknow,34,"cultural,technology,food",2024-11-07
109,Diya Arjun,Delhi,21,"technology,food,business",2023-02-09
110,Aanya Arjun,Hyderabad,45,"entertainment,business,food",2023-09-20
111,Ananya Aditya,Kolkata,50,"sports,food,business",2023-10-09
112,Shaurya Diya,Bangalore,47,"cultural,business,food",2024-11-20
113,Ananya Myra,Kolkata,20,"technology,education,sports",2022-12-11
114,Krishna Aditya,Kolkata,27,"business,entertainment,education",2023-04-04
115,Diya Aarav,Jaipur,60,"food,sports,technology",2024-07-30
116,Myra Diya,Delhi,38,"food,business,spiritual",2024-11-23
117,Diya Krishna,Bangalore,40,"cultural,education,entertainment",2024-07-19
118,Aditya Ananya,Delhi,40,"food,cultural,technology",2025-02-04
119,Krishna Vihaan,Kolkata,32,"sports,entertainment,cultural",2024-10-06
120,Aditya Aarav,Pune,35,"sports,entertainment,food",2023-11-10
121,Myra Ananya,Hyderabad,39,"food,education,cultural",2022-10-06
122,Anika Ishaan,Delhi,41,"technology,business,sports",2023-12-10
123,Krishna Anika,Hyderabad,38,"cultural,food,technology",2024-08-04
124,Vihaan Myra,Ahmedabad,35,"technology,cultural,spiritual",2024-12-05
125,Shaurya Diya,Mumbai,39,"education,technology,food",2023-01-27
126,Ishaan Arjun,Kolkata,29,"sports,business,entertainment",2024-12-26
127,Krishna Aanya,Mumbai,57,"food,education,technology",2024-05-26
128,Arjun Arjun,Hyderabad,49,"education,spiritual,entertainment",2022-11-21
129,Shaurya Aditya,Bangalore,33,"food,technology,education",2025-04-08
130,Diya Aanya,Hyderabad,28,"spiritual,cultural,sports",2024-10-10
131,Krishna Anika,Pune,52,"sports,spiritual,food",2024-06-14
132,Anika Aarav,Mumbai,42,"spiritual,business,food",2023-02-09
133,Ishaan Ananya,Kolkata,28,"food,technology,entertainment",2023-03-05
134,Aditya Shaurya,Pune,31,"food,technology,education",2025-05-18
135,Ananya Vihaan,Delhi,25,"education,technology,spiritual",2023-11-25
136,Ananya Vihaan,Pune,29,"spiritual,food,education",2023-12-05
137,Ananya Aditya,Bangalore,55,"spiritual,technology,cultural",2024-09-02
138,Aanya Myra,Ahmedabad,49,"sports,cultural,spiritual",2022-11-30
139,Arjun Anika,Hyderabad,59,"entertainment,sports,education",2023-12-26
140,Krishna Aanya,Pune,34,"technology,business,education",2023-01-06
141,Ishaan Shaurya,Pune,46,"education,business,entertainment",2025-03-22
142,Aanya Aanya,Jaipur,50,"technology,cultural,business",2023-12-28
143,Shaurya Aanya,Hyderabad,52,"education,food,technology",2024-12-10
144,Ishaan Diya,Chennai,59,"technology,sports,education",2024-05-02
145,Vihaan Krishna,Mumbai,46,"education,food,entertainment",2024-05-10
146,Anika Vihaan,Ahmedabad,20,"cultural,technology,spiritual",2025-04-22
147,Arjun Aanya,Jaipur,30,"food,education,business",2023-11-18
148,Anika Ananya,Lucknow,47,"education,spiritual,food",2025-03-28
149,Anika Vihaan,Hyderabad,20,"cultural,entertainment,education",2023-12-22
150,Myra Aarav,Hyderabad,57,"technology,education,business",2022-09-27
151,Aarav Shaurya,Pune,43,"business,food,spiritual",2025-03-21
152,Ishaan Diya,Mumbai,35,"technology,spiritual,business",2025-01-29
153,Vihaan Aditya,Kolkata,30,"spiritual,sports,education",2024-06-03
154,Aanya Ananya,Jaipur,48,"education,sports,entertainment",2023-07-17
155,Myra Shaurya,Pune,38,"cultural,spiritual,education",2023-04-15
156,Ananya Ishaan,Delhi,25,"entertainment,food,sports",2023-02-12
157,Myra Ananya,Kolkata,40,"cultural,entertainment,business",2024-01-29
158,Anika Diya,Lucknow,19,"spiritual,business,cultural",2024-07-23
159,Shaurya Shaurya,Hyderabad,33,"cultural,food,spiritual",2024-07-12
160,Anika Aarav,Bangalore,33,"education,spiritual,technology",2024-06-13
161,Arjun Ishaan,Lucknow,31,"technology,food,business",2024-07-27
162,Myra Aarav,Jaipur,51,"education,spiritual,business",2024-10-04
163,Ananya Aarav,Mumbai,18,"sports,cultural,entertainment",2023-05-26
164,Krishna Vihaan,Chennai,37,"spiritual,cultural,sports",2024-03-31
165,Aarav Diya,Lucknow,51,"food,education,cultural",2023-06-17
166,Myra Aanya,Lucknow,30,"education,cultural,technology",2023-10-08
167,Krishna Diya,Jaipur,52,"technology,business,spiritual",2025-04-14
168,Anika Krishna,Delhi,24,"entertainment,spiritual,food",2023-12-27
169,Vihaan Diya,Delhi,21,"sports,spiritual,business",2025-01-02
170,Diya Vihaan,Jaipur,38,"sports,food,spiritual",2024-03-01
171,Ananya Myra,Ahmedabad,37,"education,business,sports",2023-12-26
172,Ishaan Vihaan,Chennai,39,"food,entertainment,technology",2024-12-09
173,Diya Myra,Kolkata,39,"business,technology,food",2023-06-16
174,Shaurya Myra,Kolkata,58,"technology,food,spiritual",2024-11-05
175,Aarav Aditya,Delhi,33,"cultural,sports,spiritual",2023-10-31
176,Aditya Shaurya,Ahmedabad,59,"cultural,entertainment,business",2024-05-31
177,Anika Aanya,Hyderabad,28,"cultural,education,sports",2024-06-30
178,Krishna Diya,Kolkata,33,"food,entertainment,cultural",2024-10-15
179,Aanya Aditya,Mumbai,30,"spiritual,education,food",2023-02-16
180,Aditya Ishaan,Mumbai,50,"spiritual,entertainment,technology",2024-01-08
181,Ishaan Krishna,Delhi,60,"business,spiritual,food",2023-05-27
182,Anika Myra,Hyderabad,35,"education,business,cultural",2024-03-11
183,Shaurya Aarav,Kolkata,56,"entertainment,spiritual,food",2024-10-11
184,Krishna Aanya,Delhi,57,"business,entertainment,food",2024-07-02
185,Ishaan Aditya,Chennai,27,"cultural,spiritual,entertainment",2024-03-22
186,Aanya Aarav,Pune,50,"entertainment,food,technology",2023-02-10
187,Anika Aditya,Bangalore,55,"food,spiritual,entertainment",2023-09-08
188,Shaurya Vihaan,Delhi,40,"business,sports,food",2024-03-13
189,Aditya Shaurya,Lucknow,55,"business,technology,food",2025-03-12
190,Krishna Myra,Pune,18,"technology,business,food",2023-06-20
191,Diya Vihaan,Jaipur,38,"education,sports,food",2024-04-26
192,Diya Aarav,Pune,52,"cultural,entertainment,spiritual",2024-06-09
193,Vihaan Aarav,Lucknow,50,"entertainment,spiritual,technology",2025-05-17
194,Aanya Aditya,Ahmedabad,49,"cultural,business,sports",2024-01-20
195,Vihaan Ananya,Kolkata,47,"sports,education,entertainment",2023-11-20
196,Shaurya Myra,Mumbai,36,"entertainment,food,sports",2023-06-27
197,Aanya Shaurya,Kolkata,57,"food,spiritual,technology",2024-08-26
198,Myra Diya,Chennai,48,"sports,education,entertainment",2023-06-30
199,Anika Aditya,Pune,42,"cultural,entertainment,technology",2023-12-25
200,Aditya Myra,Lucknow,58,"sports,education,food",2025-04-10
201,Aarav Aanya,Pune,43,"education,technology,spiritual",2023-09-28
202,Ananya Ishaan,Kolkata,34,"education,spiritual,cultural",2022-11-30
203,Anika Vihaan,Lucknow,23,"entertainment,cultural,business",2024-01-27
204,Myra Krishna,Chennai,46,"spiritual,food,sports",2025-04-08
205,Aarav Vihaan,Pune,50,"education,food,sports",2023-07-31
206,Myra Diya,Bangalore,18,"spiritual,education,business",2024-12-13
207,Ananya Aditya,Chennai,53,"business,entertainment,spiritual",2024-06-18
208,Ananya Diya,Hyderabad,27,"sports,cultural,food",2022-10-16
209,Ananya Anika,Chennai,31,"entertainment,food,cultural",2024-10-18
210,Anika Aditya,Chennai,28,"entertainment,food,cultural",2024-01-22
211,Aanya Anika,Lucknow,22,"technology,entertainment,food",2024-03-07
212,Arjun Arjun,Hyderabad,56,"technology,cultural,food",2024-12-31
213,Arjun Myra,Hyderabad,54,"cultural,spiritual,entertainment",2023-02-10
214,Anika Aanya,Lucknow,36,"food,spiritual,sports",2023-03-18
215,Vihaan Aditya,Chennai,23,"spiritual,cultural,education",2023-11-13
216,Aarav Ananya,Hyderabad,57,"education,food,entertainment",2025-05-02
217,Myra Myra,Chennai,21,"cultural,food,technology",2022-12-04
218,Arjun Ananya,Chennai,58,"cultural,food,entertainment",2025-04-18
219,Anika Aarav,Pune,53,"sports,entertainment,technology",2024-08-13
220,Aarav Diya,Mumbai,21,"technology,education,sports",2024-09-23
221,Shaurya Diya,Jaipur,46,"sports,entertainment,education",2024-04-17
222,Aarav Diya,Delhi,27,"education,technology,entertainment",2023-12-31
223,Diya Aditya,Pune,21,"entertainment,cultural,spiritual",2023-09-06
224,Anika Diya,Delhi,54,"sports,education,cultural",2024-11-12
225,Arjun Myra,Ahmedabad,35,"cultural,sports,education",2022-10-21
226,Krishna Ananya,Chennai,29,"sports,food,cultural",2023-12-07
227,Arjun Aditya,Lucknow,36,"business,sports,food",2023-05-12
228,Krishna Ananya,Jaipur,48,"cultural,education,sports",2023-08-27
229,Krishna Arjun,Lucknow,35,"cultural,technology,sports",2023-09-15
230,Anika Arjun,Delhi,60,"business,sports,spiritual",2024-12-29
231,Myra Aanya,Bangalore,56,"education,entertainment,food",2023-01-07
232,Aarav Aarav,Bangalore,29,"entertainment,spiritual,sports",2024-12-19
233,Shaurya Shaurya,Kolkata,57,"cultural,entertainment,business",2023-10-18
234,Arjun Krishna,Chennai,29,"entertainment,sports,technology",2024-11-02
235,Aditya Vihaan,Bangalore,46,"business,spiritual,food",2024-08-31
236,Krishna Anika,Chennai,18,"business,food,spiritual",2024-03-17
237,Diya Aarav,Bangalore,60,"cultural,technology,entertainment",2023-06-14
238,Aanya Ishaan,Pune,22,"education,entertainment,spiritual",2023-11-26
239,Aarav Shaurya,Bangalore,40,"spiritual,business,sports",2024-12-28
240,Krishna Shaurya,Jaipur,21,"business,cultural,education",2022-12-05
241,Shaurya Ananya,Ahmedabad,20,"business,sports,food",2025-04-11
242,Myra Shaurya,Jaipur,23,"technology,cultural,education",2024-10-10
243,Krishna Arjun,Delhi,48,"food,entertainment,business",2023-02-19
244,Aditya Aditya,Lucknow,38,"sports,business,education",2025-04-02
245,Arjun Anika,Lucknow,53,"business,food,spiritual",2023-04-15
246,Vihaan Krishna,Mumbai,45,"sports,education,entertainment",2024-01-20
247,Shaurya Aditya,Delhi,22,"spiritual,education,sports",2022-09-27
248,Aanya Aanya,Lucknow,28,"spiritual,sports,technology",2024-01-19
249,Aarav Ananya,Chennai,48,"spiritual,food,education",2022-12-16
250,Aanya Aarav,Lucknow,20,"technology,sports,business",2024-01-02
251,Aditya Aarav,Lucknow,57,"business,food,spiritual",2023-12-06
252,Aarav Anika,Bangalore,26,"cultural,sports,spiritual",2023-09-09
253,Diya Shaurya,Delhi,45,"education,food,sports",2025-06-18
254,Aditya Aarav,Kolkata,50,"technology,cultural,entertainment",2024-02-26
255,Aanya Krishna,Hyderabad,21,"cultural,entertainment,business",2024-03-11
256,Aanya Aarav,Chennai,33,"spiritual,food,education",2023-10-19
257,Arjun Diya,Bangalore,49,"food,sports,cultural",2022-12-28
258,Shaurya Vihaan,Delhi,19,"sports,food,technology",2023-11-15
259,Diya Arjun,Mumbai,21,"business,food,technology",2023-05-21
260,Shaurya Aanya,Lucknow,21,"cultural,business,entertainment",2024-03-09
261,Arjun Aarav,Mumbai,49,"spiritual,sports,education",2023-12-12
262,Shaurya Vihaan,Lucknow,28,"cultural,spiritual,technology",2022-11-09
263,Shaurya Aarav,Hyderabad,38,"cultural,entertainment,business",2023-09-30
264,Ishaan Vihaan,Mumbai,56,"sports,food,cultural",2024-03-02
265,Ananya Anika,Bangalore,45,"business,technology,entertainment",2024-01-13
266,Vihaan Diya,Mumbai,50,"cultural,sports,food",2023-07-23
267,Aditya Krishna,Bangalore,38,"business,entertainment,sports",2024-08-29
268,Diya Vihaan,Hyderabad,31,"business,entertainment,sports",2024-01-15
269,Shaurya Ananya,Bangalore,26,"technology,business,spiritual",2023-11-13
270,Aanya Diya,Kolkata,41,"cultural,food,sports",2024-10-16
271,Ananya Shaurya,Hyderabad,19,"sports,food,education",2023-09-14
272,Myra Krishna,Ahmedabad,21,"spiritual,education,entertainment",2025-04-04
273,Ananya Myra,Bangalore,23,"education,business,spiritual",2022-12-23
274,Ishaan Vihaan,Mumbai,20,"spiritual,technology,sports",2023-06-12
275,Krishna Krishna,Mumbai,18,"cultural,education,spiritual",2023-07-29
276,Ananya Anika,Kolkata,52,"cultural,food,education",2025-05-15
277,Krishna Shaurya,Hyderabad,57,"education,sports,spiritual",2024-12-18
278,Krishna Arjun,Ahmedabad,55,"education,business,sports",2023-09-01
279,Myra Aditya,Ahmedabad,46,"education,cultural,business",2024-01-04
280,Krishna Anika,Lucknow,33,"sports,technology,entertainment",2024-06-13
281,Aanya Diya,Hyderabad,29,"cultural,technology,education",2023-11-01
282,Myra Aditya,Jaipur,25,"sports,cultural,spiritual",2024-12-03
283,Anika Arjun,Pune,35,"food,education,cultural",2022-11-03
284,Diya Aarav,Mumbai,54,"sports,cultural,spiritual",2024-08-16
285,Aditya Ishaan,Mumbai,29,"education,technology,food",2023-12-01
286,Krishna Ishaan,Chennai,38,"cultural,spiritual,technology",2024-05-29
287,Anika Aarav,Mumbai,27,"cultural,sports,spiritual",2023-03-03
288,Arjun Shaurya,Hyderabad,60,"spiritual,education,cultural",2025-01-30
289,Vihaan Ananya,Mumbai,59,"technology,sports,cultural",2023-05-13
290,Aanya Krishna,Pune,47,"sports,cultural,food",2023-06-30
291,Myra Aarav,Mumbai,30,"business,food,cultural",2023-07-22
292,Aarav Krishna,Kolkata,22,"entertainment,technology,sports",2024-05-02
293,Ananya Aanya,Lucknow,30,"education,food,sports",2024-09-21
294,Diya Diya,Delhi,31,"entertainment,technology,spiritual",2025-03-30
295,Diya Arjun,Pune,56,"spiritual,sports,business",2023-08-29
296,Ishaan Anika,Kolkata,25,"food,education,technology",2024-03-14
297,Shaurya Ishaan,Jaipur,33,"cultural,technology,spiritual",2023-09-11
298,Aditya Aditya,Pune,26,"entertainment,sports,business",2023-07-29
299,Aditya Anika,Delhi,28,"technology,sports,food",2024-01-12
300,Aditya Krishna,Pune,43,"food,sports,spiritual",2024-07-01
301,Ishaan Shaurya,Pune,56,"technology,food,education",2024-12-17
302,Myra Krishna,Jaipur,43,"cultural,sports,business",2023-06-30
303,Ananya Aarav,Kolkata,45,"food,technology,sports",2024-02-25
304,Anika Vihaan,Pune,54,"technology,education,business",2023-04-14
305,Krishna Ananya,Jaipur,21,"food,cultural,technology",2024-09-13
306,Anika Aditya,Lucknow,26,"spiritual,technology,cultural",2024-12-01
307,Ishaan Krishna,Lucknow,59,"education,cultural,technology",2025-02-09
308,Diya Vihaan,Pune,38,"sports,entertainment,education",2023-08-15
309,Aarav Aditya,Mumbai,32,"education,cultural,technology",2022-11-03
310,Anika Myra,Jaipur,32,"entertainment,spiritual,sports",2025-01-07
311,Aditya Aditya,Kolkata,34,"technology,spiritual,cultural",2022-10-23
312,Diya Vihaan,Pune,24,"spiritual,sports,cultural",2024-11-07
313,Anika Anika,Mumbai,27,"food,education,spiritual",2024-04-18
314,Myra Ishaan,Hyderabad,56,"business,cultural,entertainment",2024-12-07
315,Anika Ananya,Jaipur,54,"cultural,sports,education",2025-02-11
316,Ishaan Ananya,Mumbai,26,"food,cultural,business",2023-10-29
317,Arjun Vihaan,Pune,22,"sports,technology,education",2022-10-06
318,Ishaan Aditya,Ahmedabad,60,"business,sports,spiritual",2024-03-22
319,Aditya Anika,Hyderabad,43,"education,food,business",2022-10-14
320,Myra Krishna,Jaipur,24,"spiritual,sports,education",2024-08-01
321,Aanya Anika,Delhi,30,"education,technology,food",2022-12-02
322,Aarav Arjun,Chennai,43,"sports,food,spiritual",2025-03-19
323,Aditya Aarav,Lucknow,22,"spiritual,business,technology",2023-01-28
324,Aarav Aditya,Pune,28,"spiritual,entertainment,food",2025-01-20
325,Anika Diya,Pune,59,"technology,cultural,entertainment",2024-04-03
326,Aarav Krishna,Delhi,37,"entertainment,sports,food",2024-10-04
327,Shaurya Krishna,Bangalore,37,"technology,food,spiritual",2024-08-12
328,Aditya Krishna,Lucknow,42,"business,education,cultural",2024-07-30
329,Shaurya Ishaan,Hyderabad,40,"spiritual,cultural,business",2025-05-22
330,Aarav Aditya,Chennai,55,"technology,entertainment,education",2025-01-07
331,Krishna Krishna,Chennai,44,"spiritual,sports,entertainment",2023-11-20
332,Ananya Ishaan,Lucknow,39,"entertainment,business,cultural",2025-06-14
333,Diya Krishna,Mumbai,50,"spiritual,cultural,food",2024-02-27
334,Ishaan Aditya,Lucknow,35,"education,technology,food",2022-10-03
335,Arjun Anika,Chennai,29,"food,cultural,sports",2023-12-10
336,Ishaan Shaurya,Bangalore,49,"cultural,food,education",2024-11-17
337,Krishna Aanya,Mumbai,37,"food,business,entertainment",2024-04-05
338,Aarav Ananya,Jaipur,47,"food,entertainment,technology",2024-03-03
339,Vihaan Krishna,Ahmedabad,41,"entertainment,education,sports",2024-10-09
340,Ananya Diya,Hyderabad,47,"business,technology,entertainment",2022-10-06
341,Myra Ishaan,Mumbai,30,"business,entertainment,cultural",2024-03-20
342,Vihaan Aanya,Chennai,57,"food,entertainment,technology",2023-01-18
343,Anika Arjun,Chennai,37,"technology,education,sports",2024-07-18
344,Anika Diya,Kolkata,25,"business,food,sports",2025-02-18
345,Diya Aanya,Jaipur,28,"food,technology,spiritual",2022-12-14
346,Aarav Diya,Jaipur,55,"sports,spiritual,entertainment",2025-06-15
347,Aditya Shaurya,Delhi,38,"education,sports,business",2024-09-23
348,Aanya Myra,Pune,43,"cultural,technology,food",2023-06-20
349,Aarav Aanya,Ahmedabad,23,"business,food,entertainment",2024-11-08
350,Anika Ananya,Mumbai,34,"business,entertainment,sports",2025-04-10
351,Aarav Arjun,Lucknow,21,"technology,entertainment,business",2024-07-12
352,Arjun Ananya,Bangalore,27,"food,business,sports",2024-10-06
353,Ananya Anika,Bangalore,35,"cultural,education,spiritual",2023-06-26
354,Krishna Aarav,Mumbai,49,"business,food,technology",2024-05-21
355,Ishaan Shaurya,Hyderabad,37,"spiritual,entertainment,food",2024-11-21
356,Diya Ananya,Kolkata,49,"education,business,food",2022-12-25
357,Aanya Krishna,Hyderabad,42,"cultural,spiritual,education",2024-06-25
358,Ishaan Myra,Chennai,30,"technology,business,food",2022-12-25
359,Arjun Shaurya,Jaipur,60,"technology,entertainment,cultural",2023-07-26
360,Vihaan Ananya,Hyderabad,58,"technology,entertainment,education",2023-12-31
361,Aarav Aditya,Hyderabad,30,"business,technology,entertainment",2022-12-16
362,Krishna Ishaan,Mumbai,29,"spiritual,entertainment,education",2024-10-15
363,Krishna Ishaan,Kolkata,54,"cultural,spiritual,technology",2025-02-04
364,Shaurya Arjun,Jaipur,35,"cultural,sports,business",2025-01-01
365,Vihaan Vihaan,Ahmedabad,45,"technology,sports,business",2024-01-26
366,Krishna Arjun,Kolkata,53,"business,education,sports",2023-05-04
367,Aditya Aditya,Ahmedabad,50,"food,entertainment,sports",2024-10-16
368,Anika Diya,Jaipur,41,"food,spiritual,education",2025-05-28
369,Vihaan Ishaan,Kolkata,48,"business,food,education",2024-12-20
370,Myra Shaurya,Bangalore,35,"spiritual,education,business",2025-01-06
371,Aarav Ishaan,Mumbai,19,"cultural,business,spiritual",2023-02-19
372,Shaurya Arjun,Bangalore,45,"sports,technology,cultural",2024-12-26
373,Krishna Myra,Ahmedabad,34,"sports,cultural,entertainment",2023-01-08
374,Ishaan Vihaan,Kolkata,54,"cultural,food,sports",2023-04-22
375,Shaurya Shaurya,Bangalore,39,"education,cultural,entertainment",2023-12-04
376,Anika Ananya,Ahmedabad,26,"food,entertainment,cultural",2022-12-10
377,Arjun Anika,Kolkata,34,"spiritual,business,food",2023-11-05
378,Shaurya Myra,Ahmedabad,40,"food,cultural,spiritual",2025-06-03
379,Krishna Shaurya,Jaipur,58,"spiritual,entertainment,cultural",2024-09-11
380,Myra Myra,Hyderabad,58,"entertainment,business,food",2024-11-14
381,Aanya Ananya,Pune,44,"business,food,technology",2022-12-19
382,Diya Aanya,Hyderabad,56,"cultural,food,entertainment",2024-02-20
383,Diya Ishaan,Bangalore,60,"sports,cultural,entertainment",2024-06-26
384,Aditya Anika,Kolkata,28,"sports,business,education",2023-03-05
385,Aditya Anika,Lucknow,32,"cultural,technology,spiritual",2023-12-22
386,Vihaan Ananya,Mumbai,58,"spiritual,education,entertainment",2024-03-02
387,Aarav Anika,Bangalore,25,"entertainment,sports,food",2023-03-29
388,Anika Aarav,Delhi,33,"entertainment,technology,cultural",2024-03-18
389,Diya Krishna,Ahmedabad,55,"entertainment,education,food",2024-07-07
390,Shaurya Aarav,Kolkata,38,"education,entertainment,technology",2023-02-17
391,Diya Diya,Chennai,43,"food,technology,spiritual",2024-05-05
392,Vihaan Aditya,Delhi,59,"sports,spiritual,entertainment",2025-04-08
393,Diya Aditya,Hyderabad,43,"entertainment,technology,business",2025-02-13
394,Arjun Krishna,Chennai,21,"sports,spiritual,entertainment",2023-05-31
395,Myra Anika,Ahmedabad,24,"food,cultural,entertainment",2025-04-14
396,Ishaan Arjun,Delhi,28,"business,technology,entertainment",2024-07-11
397,Aanya Ananya,Pune,41,"technology,cultural,business",2024-02-10
398,Shaurya Ishaan,Delhi,56,"sports,food,technology",2024-08-11
399,Aanya Arjun,Bangalore,60,"education,cultural,spiritual",2024-03-23
400,Krishna Aarav,Chennai,52,"cultural,business,food",2023-06-24
401,Shaurya Ishaan,Pune,19,"cultural,education,sports",2025-04-24
402,Arjun Ananya,Pune,30,"entertainment,spiritual,technology",2023-12-16
403,Vihaan Aanya,Jaipur,41,"sports,food,entertainment",2025-06-18
404,Myra Shaurya,Chennai,41,"business,sports,education",2025-03-29
405,Aanya Krishna,Ahmedabad,41,"cultural,sports,business",2023-11-09
406,Shaurya Anika,Bangalore,53,"technology,food,business",2023-01-19
407,Diya Ananya,Lucknow,31,"entertainment,technology,food",2023-06-01
408,Myra Aarav,Hyderabad,53,"sports,entertainment,technology",2023-04-01
409,Arjun Vihaan,Chennai,49,"cultural,education,business",2023-08-11
410,Vihaan Ishaan,Pune,31,"business,technology,education",2024-11-07
411,Anika Shaurya,Chennai,55,"education,food,sports",2024-09-16
412,Aanya Arjun,Ahmedabad,40,"food,business,technology",2025-04-09
413,Anika Ishaan,Mumbai,40,"cultural,food,spiritual",2025-02-22
414,Ishaan Vihaan,Ahmedabad,47,"spiritual,cultural,technology",2024-07-10
415,Anika Aditya,Jaipur,24,"business,technology,food",2025-05-05
416,Arjun Ishaan,Ahmedabad,44,"education,business,entertainment",2025-01-11
417,Aditya Anika,Mumbai,30,"cultural,spiritual,sports",2024-01-30
418,Ananya Aanya,Kolkata,29,"entertainment,cultural,sports",2022-11-25
419,Ishaan Ananya,Chennai,28,"food,cultural,spiritual",2024-09-24
420,Ishaan Aditya,Chennai,59,"entertainment,business,sports",2023-05-04
421,Ananya Diya,Jaipur,21,"entertainment,sports,spiritual",2023-08-22
422,Myra Aarav,Kolkata,38,"sports,business,spiritual",2023-01-05
423,Aditya Vihaan,Kolkata,31,"sports,education,business",2024-02-03
424,Diya Myra,Delhi,35,"cultural,food,education",2023-09-14
425,Myra Vihaan,Bangalore,24,"technology,food,education",2025-02-23
426,Aditya Ishaan,Ahmedabad,23,"cultural,business,education",2024-05-27
427,Diya Myra,Bangalore,57,"food,cultural,technology",2023-06-01
428,Krishna Aanya,Lucknow,34,"cultural,technology,spiritual",2022-10-23
429,Aanya Arjun,Hyderabad,59,"technology,sports,food",2024-06-29
430,Arjun Ishaan,Ahmedabad,20,"cultural,spiritual,sports",2023-12-10
431,Myra Myra,Pune,53,"spiritual,technology,business",2024-08-28
432,Krishna Shaurya,Chennai,40,"business,food,entertainment",2023-02-09
433,Myra Aditya,Delhi,33,"business,sports,technology",2024-02-03
434,Aarav Aditya,Hyderabad,48,"food,entertainment,spiritual",2023-07-20
435,Aanya Anika,Lucknow,18,"entertainment,technology,food",2023-01-17
436,Arjun Myra,Chennai,33,"food,sports,cultural",2024-12-11
437,Diya Arjun,Kolkata,23,"education,entertainment,technology",2024-10-21
438,Aditya Ishaan,Hyderabad,41,"cultural,business,spiritual",2024-10-14
439,Diya Anika,Bangalore,27,"spiritual,cultural,business",2023-07-21
440,Myra Aanya,Bangalore,40,"spiritual,sports,education",2025-04-24
441,Anika Aarav,Ahmedabad,26,"sports,business,technology",2024-12-20
442,Diya Anika,Ahmedabad,36,"food,sports,cultural",2025-06-19
443,Aditya Shaurya,Pune,56,"sports,food,entertainment",2023-12-24
444,Anika Vihaan,Bangalore,54,"sports,cultural,food",2023-05-05
445,Vihaan Myra,Mumbai,40,"technology,sports,business",2024-01-21
446,Aarav Shaurya,Bangalore,59,"technology,spiritual,entertainment",2024-02-13
447,Aarav Myra,Lucknow,35,"spiritual,technology,sports",2025-05-25
448,Diya Krishna,Delhi,19,"food,technology,education",2025-03-30
449,Ishaan Vihaan,Pune,42,"cultural,technology,entertainment",2024-02-07
450,Anika Diya,Delhi,50,"education,entertainment,technology",2022-12-15
451,Aditya Aanya,Mumbai,36,"food,sports,cultural",2024-07-14
452,Vihaan Ananya,Pune,38,"education,business,food",2023-03-03
453,Aditya Diya,Bangalore,21,"business,education,technology",2023-03-10
454,Vihaan Krishna,Chennai,27,"food,technology,sports",2023-04-03
455,Shaurya Krishna,Ahmedabad,57,"technology,food,spiritual",2024-10-08
456,Aarav Ananya,Lucknow,24,"sports,food,entertainment",2023-08-18
457,Aditya Anika,Pune,33,"education,technology,cultural",2023-06-06
458,Aditya Krishna,Hyderabad,27,"cultural,spiritual,education",2024-02-23
459,Aditya Diya,Pune,52,"education,technology,sports",2025-03-02
460,Arjun Ananya,Bangalore,31,"cultural,technology,spiritual",2023-07-04
461,Diya Vihaan,Bangalore,49,"education,sports,food",2025-06-14
462,Aarav Aanya,Pune,33,"business,education,sports",2024-10-17
463,Myra Diya,Bangalore,40,"entertainment,sports,business",2025-05-07
464,Myra Myra,Lucknow,24,"cultural,sports,business",2023-11-06
465,Myra Diya,Mumbai,24,"food,education,sports",2024-12-27
466,Arjun Shaurya,Chennai,23,"sports,entertainment,spiritual",2023-09-18
467,Vihaan Shaurya,Chennai,39,"technology,business,sports",2025-06-07
468,Krishna Shaurya,Pune,19,"food,entertainment,spiritual",2024-11-14
469,Diya Shaurya,Pune,43,"entertainment,spiritual,business",2023-10-10
470,Aditya Aditya,Lucknow,42,"entertainment,education,business",2022-11-14
471,Aarav Aarav,Delhi,51,"spiritual,food,entertainment",2024-05-22
472,Aditya Shaurya,Ahmedabad,48,"sports,education,spiritual",2024-05-24
473,Aditya Arjun,Pune,52,"business,education,food",2022-10-20
474,Arjun Anika,Delhi,39,"education,spiritual,business",2025-02-21
475,Myra Arjun,Ahmedabad,60,"entertainment,technology,spiritual",2024-08-12
476,Anika Ananya,Lucknow,44,"sports,business,food",2023-12-06
477,Arjun Shaurya,Jaipur,24,"business,food,spiritual",2024-04-26
478,Anika Myra,Jaipur,43,"technology,cultural,entertainment",2024-09-25
479,Diya Aarav,Chennai,22,"business,education,sports",2025-05-31
480,Aditya Vihaan,Pune,50,"sports,entertainment,business",2022-12-27
481,Ishaan Diya,Bangalore,37,"cultural,education,entertainment",2023-06-10
482,Shaurya Aditya,Chennai,32,"entertainment,food,spiritual",2023-01-16
483,Anika Myra,Lucknow,18,"sports,food,spiritual",2024-07-15
484,Ananya Arjun,Pune,55,"education,entertainment,food",2022-11-06
485,Krishna Ananya,Pune,48,"cultural,sports,business",2024-05-05
486,Aarav Shaurya,Ahmedabad,28,"education,sports,food",2024-04-06
487,Ishaan Myra,Jaipur,44,"food,spiritual,technology",2023-01-30
488,Arjun Ishaan,Hyderabad,42,"sports,entertainment,education",2025-05-06
489,Diya Aanya,Hyderabad,30,"sports,technology,education",2024-08-13
490,Shaurya Ishaan,Kolkata,50,"business,education,sports",2025-01-11
491,Aanya Krishna,Mumbai,21,"sports,spiritual,cultural",2025-04-08
492,Ananya Vihaan,Pune,24,"sports,business,technology",2023-08-05
493,Ishaan Myra,Mumbai,31,"sports,food,education",2022-11-10
494,Aarav Vihaan,Pune,22,"cultural,technology,business",2024-01-02
495,Krishna Aanya,Mumbai,25,"entertainment,spiritual,cultural",2023-08-03
496,Anika Krishna,Mumbai,35,"entertainment,business,technology",2022-09-27
497,Arjun Ananya,Pune,24,"spiritual,cultural,technology",2023-03-01
498,Aditya Arjun,Hyderabad,37,"cultural,spiritual,food",2023-03-28
499,Aarav Ishaan,Bangalore,18,"food,education,entertainment",2024-03-03
500,Arjun Ananya,Hyderabad,38,"food,business,spiritual",2022-10-01
501,Vihaan Vihaan,Bangalore,29,"entertainment,food,sports",2023-12-05
502,Shaurya Aanya,Kolkata,31,"food,technology,education",2024-09-17
503,Vihaan Diya,Pune,18,"education,sports,spiritual",2023-03-14
504,Myra Aarav,Hyderabad,27,"sports,technology,food",2025-03-17
505,Anika Diya,Pune,43,"cultural,entertainment,spiritual",2023-04-23
506,Shaurya Aditya,Hyderabad,36,"sports,spiritual,food",2022-10-02
507,Shaurya Diya,Mumbai,37,"education,cultural,entertainment",2023-11-06
508,Vihaan Krishna,Hyderabad,30,"entertainment,cultural,technology",2025-04-13
509,Ishaan Arjun,Chennai,56,"spiritual,technology,education",2023-02-08
510,Aditya Diya,Mumbai,60,"cultural,spiritual,sports",2025-05-22
511,Ishaan Aditya,Bangalore,40,"cultural,technology,business",2025-06-12
512,Aditya Ishaan,Chennai,43,"cultural,education,food",2023-08-28
513,Myra Aarav,Ahmedabad,35,"business,sports,cultural",2024-09-09
514,Ishaan Krishna,Kolkata,18,"cultural,sports,spiritual",2022-10-29
515,Aanya Aarav,Bangalore,20,"cultural,food,business",2023-09-24
516,Vihaan Aarav,Ahmedabad,46,"entertainment,spiritual,education",2023-01-19
517,Aditya Aanya,Hyderabad,28,"spiritual,sports,food",2023-05-12
518,Shaurya Diya,Lucknow,59,"entertainment,technology,cultural",2022-12-28
519,Aarav Shaurya,Chennai,22,"sports,entertainment,cultural",2025-05-01
520,Vihaan Aarav,Pune,26,"education,technology,sports",2022-10-12
521,Shaurya Shaurya,Pune,39,"education,technology,spiritual",2024-09-26
522,Shaurya Shaurya,Lucknow,45,"technology,sports,business",2023-10-18
523,Aarav Ishaan,Ahmedabad,41,"spiritual,business,cultural",2024-09-09
524,Aarav Ishaan,Pune,34,"sports,cultural,technology",2024-10-02
525,Aditya Ananya,Pune,52,"technology,sports,business",2023-09-19
526,Krishna Aditya,Ahmedabad,42,"technology,sports,food",2024-07-02
527,Aditya Vihaan,Bangalore,44,"technology,entertainment,education",2025-04-14
528,Arjun Diya,Jaipur,43,"food,entertainment,technology",2022-10-15
529,Krishna Anika,Chennai,20,"education,entertainment,technology",2024-07-25
530,Arjun Anika,Delhi,25,"cultural,business,spiritual",2025-04-15
531,Aanya Aanya,Jaipur,22,"cultural,entertainment,sports",2025-02-25
532,Aanya Myra,Lucknow,46,"technology,sports,spiritual",2024-08-20
533,Myra Aditya,Kolkata,58,"education,spiritual,business",2023-02-08
534,Myra Aanya,Mumbai,46,"sports,cultural,business",2023-09-20
535,Aditya Myra,Lucknow,21,"education,food,cultural",2023-08-20
536,Vihaan Aditya,Kolkata,44,"technology,sports,spiritual",2023-05-30
537,Aanya Aarav,Chennai,48,"business,cultural,spiritual",2023-03-25
538,Ananya Vihaan,Pune,59,"food,spiritual,cultural",2023-07-09
539,Myra Vihaan,Pune,30,"entertainment,spiritual,education",2024-07-26
540,Aarav Vihaan,Ahmedabad,44,"technology,food,cultural",2024-02-08
541,Aanya Aanya,Ahmedabad,28,"food,cultural,entertainment",2022-12-07
542,Ishaan Shaurya,Hyderabad,58,"sports,education,entertainment",2024-02-19
543,Arjun Diya,Ahmedabad,42,"cultural,technology,entertainment",2023-12-07
544,Ishaan Anika,Mumbai,20,"cultural,business,education",2025-05-19
545,Aanya Ishaan,Pune,42,"entertainment,cultural,business",2022-09-30
546,Arjun Arjun,Jaipur,31,"cultural,spiritual,food",2025-02-06
547,Aanya Aanya,Ahmedabad,53,"cultural,business,sports",2022-10-21
548,Vihaan Aanya,Mumbai,37,"education,business,cultural",2022-10-08
549,Aarav Ishaan,Bangalore,53,"technology,education,sports",2023-03-03
550,Shaurya Vihaan,Chennai,22,"education,technology,food",2022-12-15
551,Aarav Myra,Bangalore,20,"technology,education,entertainment",2023-02-25
552,Shaurya Anika,Chennai,48,"business,spiritual,education",2024-06-26
553,Myra Ishaan,Lucknow,24,"entertainment,cultural,technology",2023-10-27
554,Ananya Aditya,Delhi,55,"technology,business,spiritual",2024-08-13
555,Shaurya Krishna,Lucknow,37,"entertainment,cultural,sports",2023-12-22
556,Vihaan Anika,Hyderabad,25,"technology,business,spiritual",2023-09-23
557,Ananya Shaurya,Hyderabad,40,"sports,food,business",2022-12-04
558,Ananya Aanya,Delhi,20,"education,food,entertainment",2025-06-20
559,Aanya Arjun,Kolkata,34,"entertainment,food,technology",2022-11-02
560,Ishaan Aditya,Lucknow,43,"food,spiritual,education",2025-06-18
561,Vihaan Ishaan,Jaipur,26,"cultural,education,spiritual",2025-04-08
562,Vihaan Vihaan,Mumbai,21,"entertainment,business,food",2023-07-19
563,Myra Arjun,Kolkata,50,"education,food,spiritual",2023-01-22
564,Aarav Aanya,Ahmedabad,31,"sports,business,cultural",2025-05-18
565,Krishna Vihaan,Kolkata,48,"spiritual,sports,technology",2022-10-17
566,Aarav Krishna,Mumbai,20,"business,technology,sports",2024-03-24
567,Aarav Ishaan,Chennai,51,"cultural,entertainment,sports",2025-05-19
568,Aanya Aarav,Kolkata,46,"entertainment,business,technology",2024-03-19
569,Aditya Myra,Bangalore,36,"sports,education,technology",2023-01-25
570,Anika Shaurya,Bangalore,42,"cultural,technology,entertainment",2024-04-29
571,Anika Shaurya,Bangalore,25,"sports,business,entertainment",2025-02-14
572,Ananya Ananya,Lucknow,29,"food,spiritual,business",2023-08-23
573,Arjun Arjun,Delhi,27,"education,business,cultural",2024-06-10
574,Shaurya Arjun,Kolkata,52,"spiritual,education,cultural",2024-09-30
575,Ishaan Anika,Pune,26,"spiritual,food,business",2023-03-08
576,Shaurya Diya,Jaipur,57,"technology,entertainment,spiritual",2024-05-15
577,Vihaan Ishaan,Lucknow,52,"technology,spiritual,education",2023-05-28
578,Shaurya Aditya,Jaipur,51,"spiritual,technology,entertainment",2022-10-04
579,Vihaan Aanya,Lucknow,25,"education,food,cultural",2024-12-14
580,Arjun Arjun,Chennai,21,"cultural,sports,education",2024-06-03
581,Myra Shaurya,Pune,46,"cultural,food,technology",2024-06-30
582,Shaurya Aditya,Kolkata,56,"cultural,technology,sports",2022-12-28
583,Aarav Ishaan,Hyderabad,54,"business,food,entertainment",2024-09-01
584,Anika Diya,Pune,41,"food,technology,business",2024-01-01
585,Vihaan Ishaan,Kolkata,28,"spiritual,business,cultural",2023-06-07
586,Anika Krishna,Lucknow,56,"spiritual,cultural,business",2023-11-18
587,Aanya Ishaan,Hyderabad,33,"technology,business,education",2024-05-14
588,Aanya Krishna,Lucknow,30,"cultural,spiritual,entertainment",2024-01-14
589,Anika Krishna,Ahmedabad,52,"technology,cultural,sports",2023-03-10
590,Aarav Myra,Pune,60,"education,cultural,food",2023-05-04
591,Krishna Ishaan,Kolkata,37,"education,technology,business",2025-03-11
592,Krishna Aarav,Hyderabad,59,"spiritual,sports,entertainment",2024-05-07
593,Ishaan Ishaan,Hyderabad,27,"education,entertainment,sports",2025-01-11
594,Aanya Myra,Kolkata,22,"entertainment,sports,education",2024-11-27
595,Diya Aanya,Pune,58,"technology,sports,entertainment",2024-01-12
596,Arjun Aarav,Delhi,26,"cultural,food,entertainment",2024-08-08
597,Aditya Ishaan,Lucknow,51,"cultural,food,technology",2024-04-07
598,Ishaan Ishaan,Pune,37,"sports,business,cultural",2024-10-11
599,Anika Arjun,Mumbai,26,"education,spiritual,cultural",2023-12-22
600,Diya Aarav,Bangalore,52,"sports,technology,business",2022-10-29
601,Aarav Aarav,Ahmedabad,20,"food,spiritual,entertainment",2024-04-25
602,Shaurya Krishna,Bangalore,60,"food,education,technology",2023-11-30
603,Krishna Aanya,Bangalore,45,"entertainment,sports,cultural",2025-05-31
604,Ananya Krishna,Bangalore,41,"spiritual,entertainment,business",2023-09-28
605,Arjun Arjun,Hyderabad,53,"cultural,spiritual,food",2024-09-14
606,Ishaan Ishaan,Hyderabad,39,"food,spiritual,business",2025-04-14
607,Krishna Vihaan,Mumbai,59,"spiritual,education,sports",2024-10-31
608,Aarav Ananya,Mumbai,47,"sports,technology,spiritual",2024-04-04
609,Shaurya Aanya,Hyderabad,20,"technology,food,cultural",2024-05-06
610,Aanya Vihaan,Hyderabad,27,"food,business,education",2023-02-08
611,Aarav Krishna,Kolkata,39,"business,sports,food",2023-09-06
612,Myra Arjun,Ahmedabad,27,"business,food,technology",2025-03-30
613,Myra Shaurya,Kolkata,28,"cultural,food,spiritual",2024-01-19
614,Myra Ananya,Chennai,28,"cultural,entertainment,sports",2024-11-13
615,Ishaan Shaurya,Ahmedabad,59,"sports,technology,cultural",2023-10-10
616,Myra Aanya,Chennai,37,"spiritual,technology,sports",2025-06-03
617,Aarav Arjun,Mumbai,26,"cultural,business,food",2024-11-17
618,Aditya Ishaan,Hyderabad,26,"business,sports,spiritual",2023-04-21
619,Aanya Krishna,Ahmedabad,21,"spiritual,food,education",2023-11-18
620,Arjun Myra,Mumbai,39,"cultural,food,entertainment",2023-10-19
621,Ananya Aanya,Bangalore,49,"technology,sports,cultural",2025-03-29
622,Krishna Diya,Ahmedabad,55,"cultural,business,food",2024-09-26
623,Diya Diya,Kolkata,29,"sports,spiritual,cultural",2025-01-25
624,Ananya Aarav,Hyderabad,32,"business,entertainment,sports",2023-11-20
625,Aanya Shaurya,Kolkata,49,"spiritual,business,entertainment",2024-06-25
626,Aanya Diya,Delhi,46,"spiritual,entertainment,business",2023-10-11
627,Ananya Ishaan,Jaipur,24,"spiritual,entertainment,food",2024-02-22
628,Krishna Shaurya,Lucknow,56,"food,education,technology",2024-05-21
629,Arjun Ishaan,Bangalore,55,"technology,spiritual,education",2025-01-21
630,Ishaan Aditya,Bangalore,42,"technology,business,education",2023-10-10
631,Aditya Myra,Pune,40,"food,education,cultural",2025-02-05
632,Aditya Krishna,Mumbai,50,"food,entertainment,cultural",2025-05-16
633,Ishaan Aditya,Pune,36,"entertainment,education,cultural",2023-05-31
634,Aditya Arjun,Pune,45,"business,technology,sports",2023-11-13
635,Ananya Ishaan,Lucknow,46,"entertainment,sports,food",2024-10-21
636,Aarav Aanya,Hyderabad,22,"sports,cultural,spiritual",2023-01-28
637,Myra Aarav,Jaipur,59,"education,cultural,sports",2022-12-14
638,Vihaan Aarav,Lucknow,36,"sports,technology,cultural",2023-11-25
639,Aarav Aanya,Hyderabad,37,"business,spiritual,food",2022-09-29
640,Ananya Shaurya,Ahmedabad,47,"cultural,technology,education",2025-05-29
641,Krishna Krishna,Jaipur,41,"cultural,sports,entertainment",2025-02-09
642,Krishna Arjun,Pune,55,"technology,cultural,spiritual",2022-11-02
643,Diya Aanya,Chennai,18,"spiritual,sports,food",2025-01-13
644,Aanya Ishaan,Kolkata,36,"spiritual,entertainment,education",2024-09-14
645,Arjun Ishaan,Pune,38,"spiritual,business,sports",2023-12-28
646,Ananya Aanya,Mumbai,29,"food,business,spiritual",2025-06-21
647,Aarav Myra,Jaipur,46,"technology,food,business",2023-11-29
648,Vihaan Aarav,Pune,48,"sports,technology,food",2025-02-25
649,Aditya Anika,Hyderabad,32,"education,business,cultural",2024-10-11
650,Ananya Ananya,Jaipur,33,"cultural,spiritual,food",2024-04-03
651,Anika Ananya,Hyderabad,41,"food,business,cultural",2025-05-24
652,Vihaan Aarav,Pune,43,"technology,food,cultural",2022-11-24
653,Krishna Aarav,Hyderabad,23,"entertainment,business,sports",2024-09-25
654,Krishna Myra,Lucknow,25,"business,technology,entertainment",2022-11-22
655,Ishaan Arjun,Kolkata,33,"business,food,spiritual",2024-02-21
656,Anika Arjun,Hyderabad,45,"technology,cultural,spiritual",2025-03-17
657,Ishaan Aarav,Bangalore,19,"education,technology,food",2023-05-30
658,Vihaan Diya,Chennai,48,"entertainment,food,technology",2023-05-30
659,Diya Aanya,Mumbai,20,"cultural,entertainment,education",2023-04-01
660,Ananya Aarav,Pune,35,"education,business,spiritual",2023-04-14
661,Vihaan Vihaan,Ahmedabad,60,"education,business,technology",2023-06-10
662,Aarav Ananya,Delhi,28,"entertainment,education,cultural",2023-04-22
663,Vihaan Aarav,Hyderabad,40,"sports,education,technology",2024-06-21
664,Aarav Vihaan,Delhi,31,"spiritual,food,sports",2024-02-06
665,Anika Aditya,Delhi,35,"sports,food,spiritual",2023-02-24
666,Krishna Shaurya,Mumbai,21,"sports,spiritual,cultural",2023-05-01
667,Krishna Aanya,Chennai,53,"sports,business,cultural",2023-01-09
668,Shaurya Myra,Kolkata,23,"business,education,food",2025-02-07
669,Ishaan Vihaan,Mumbai,22,"spiritual,food,education",2024-08-25
670,Anika Myra,Ahmedabad,47,"food,education,spiritual",2024-11-20
671,Shaurya Aarav,Ahmedabad,58,"spiritual,education,business",2025-03-22
672,Arjun Anika,Kolkata,55,"entertainment,business,technology",2024-05-06
673,Arjun Arjun,Lucknow,39,"spiritual,food,cultural",2025-04-07
674,Diya Aditya,Lucknow,35,"food,spiritual,education",2023-10-14
675,Myra Arjun,Hyderabad,27,"sports,business,spiritual",2023-08-04
676,Arjun Anika,Kolkata,59,"education,sports,entertainment",2025-01-10
677,Diya Aanya,Jaipur,59,"spiritual,technology,sports",2023-09-21
678,Shaurya Myra,Lucknow,21,"food,spiritual,business",2023-06-25
679,Krishna Diya,Mumbai,52,"education,spiritual,sports",2024-06-09
680,Ananya Myra,Jaipur,41,"cultural,spiritual,food",2022-11-13
681,Ishaan Ananya,Ahmedabad,33,"entertainment,education,technology",2024-06-27
682,Arjun Anika,Chennai,19,"entertainment,education,spiritual",2025-04-03
683,Aanya Arjun,Jaipur,42,"food,education,business",2023-09-04
684,Krishna Ananya,Bangalore,42,"entertainment,education,food",2022-12-09
685,Anika Arjun,Delhi,38,"education,business,spiritual",2023-02-03
686,Aarav Aanya,Hyderabad,46,"cultural,business,technology",2022-11-27
687,Ananya Vihaan,Kolkata,57,"spiritual,business,sports",2024-11-09
688,Aanya Ananya,Hyderabad,57,"entertainment,food,technology",2024-02-01
689,Aditya Myra,Delhi,41,"business,sports,cultural",2024-04-13
690,Aarav Ananya,Hyderabad,54,"cultural,business,sports",2023-06-19
691,Arjun Myra,Lucknow,55,"spiritual,business,entertainment",2022-11-24
692,Ananya Ishaan,Jaipur,20,"education,spiritual,cultural",2023-06-06
693,Shaurya Myra,Ahmedabad,27,"business,cultural,spiritual",2023-08-19
694,Aditya Krishna,Lucknow,29,"technology,food,business",2023-07-26
695,Ananya Aditya,Pune,24,"education,sports,cultural",2025-05-27
696,Ishaan Myra,Kolkata,21,"sports,technology,education",2024-08-09
697,Myra Anika,Kolkata,32,"business,spiritual,sports",2024-05-25
698,Myra Aanya,Ahmedabad,48,"food,entertainment,spiritual",2023-08-27
699,Ananya Aarav,Jaipur,24,"cultural,sports,entertainment",2023-08-07
700,Diya Aarav,Delhi,50,"entertainment,technology,spiritual",2022-12-03
701,Aanya Aanya,Hyderabad,34,"sports,entertainment,food",2023-12-26
702,Anika Vihaan,Mumbai,38,"cultural,entertainment,food",2023-12-22
703,Arjun Ishaan,Jaipur,22,"cultural,food,technology",2022-10-19
704,Myra Aditya,Hyderabad,56,"sports,entertainment,technology",2024-05-12
705,Shaurya Shaurya,Bangalore,49,"business,spiritual,food",2024-01-18
706,Arjun Aanya,Pune,27,"cultural,entertainment,education",2024-04-05
707,Vihaan Anika,Kolkata,33,"spiritual,business,entertainment",2024-07-27
708,Arjun Vihaan,Kolkata,46,"education,cultural,business",2022-12-21
709,Arjun Myra,Ahmedabad,19,"food,education,cultural",2024-10-03
710,Vihaan Aanya,Ahmedabad,54,"cultural,technology,spiritual",2023-07-03
711,Vihaan Krishna,Ahmedabad,18,"food,sports,entertainment",2022-10-03
712,Krishna Aditya,Kolkata,58,"sports,education,spiritual",2023-05-14
713,Krishna Ishaan,Pune,34,"cultural,food,business",2023-12-07
714,Myra Ananya,Jaipur,53,"business,food,cultural",2022-11-10
715,Diya Myra,Bangalore,49,"spiritual,education,entertainment",2024-11-10
716,Diya Diya,Mumbai,52,"entertainment,spiritual,sports",2023-02-20
717,Vihaan Aditya,Ahmedabad,48,"cultural,technology,entertainment",2023-02-05
718,Anika Krishna,Bangalore,29,"sports,technology,business",2024-12-20
719,Aanya Aanya,Kolkata,51,"entertainment,sports,business",2023-12-16
720,Anika Aditya,Jaipur,44,"food,cultural,technology",2023-10-02
721,Shaurya Diya,Jaipur,37,"business,spiritual,education",2024-06-10
722,Krishna Vihaan,Kolkata,60,"sports,food,education",2023-12-19
723,Arjun Aditya,Kolkata,48,"education,business,cultural",2023-07-16
724,Arjun Diya,Kolkata,59,"sports,cultural,entertainment",2023-02-01
725,Anika Aditya,Hyderabad,59,"cultural,food,business",2023-03-12
726,Vihaan Ishaan,Pune,43,"spiritual,entertainment,business",2023-05-16
727,Aditya Anika,Delhi,44,"cultural,food,business",2022-10-22
728,Shaurya Aarav,Lucknow,26,"spiritual,business,food",2024-09-06
729,Vihaan Aarav,Pune,44,"spiritual,entertainment,food",2025-01-19
730,Shaurya Krishna,Hyderabad,22,"sports,technology,business",2023-11-14
731,Krishna Ananya,Pune,51,"spiritual,food,business",2024-08-06
732,Vihaan Ishaan,Chennai,50,"business,spiritual,education",2024-04-30
733,Ishaan Vihaan,Bangalore,20,"spiritual,sports,education",2023-10-13
734,Anika Arjun,Kolkata,32,"entertainment,education,spiritual",2024-03-06
735,Myra Ananya,Mumbai,18,"sports,cultural,business",2024-10-23
736,Myra Krishna,Pune,39,"technology,cultural,spiritual",2024-05-29
737,Aditya Shaurya,Kolkata,52,"spiritual,entertainment,education",2024-10-18
738,Diya Shaurya,Chennai,18,"sports,technology,education",2025-02-11
739,Anika Arjun,Lucknow,44,"food,cultural,spiritual",2023-03-04
740,Shaurya Ishaan,Jaipur,32,"sports,food,business",2023-08-19
741,Aditya Aditya,Mumbai,36,"business,education,technology",2023-10-06
742,Anika Ananya,Jaipur,29,"sports,entertainment,business",2022-12-22
743,Arjun Krishna,Lucknow,44,"technology,sports,entertainment",2023-05-08
744,Ishaan Aarav,Mumbai,46,"entertainment,education,food",2024-11-12
745,Ananya Ishaan,Chennai,49,"entertainment,education,business",2023-07-02
746,Krishna Diya,Hyderabad,59,"spiritual,business,education",2024-12-19
747,Myra Ananya,Jaipur,60,"technology,entertainment,business",2024-09-10
748,Diya Krishna,Jaipur,59,"entertainment,technology,cultural",2024-08-25
749,Aanya Krishna,Delhi,57,"food,spiritual,entertainment",2024-04-11
750,Ananya Myra,Hyderabad,52,"entertainment,sports,spiritual",2022-09-28
751,Anika Aanya,Lucknow,45,"sports,food,education",2023-10-11
752,Ananya Diya,Bangalore,59,"technology,cultural,food",2023-01-04
753,Myra Shaurya,Delhi,45,"education,cultural,food",2023-11-01
754,Anika Aanya,Ahmedabad,44,"cultural,food,education",2023-11-04
755,Vihaan Aarav,Bangalore,60,"sports,business,food",2024-03-12
756,Myra Aarav,Delhi,29,"education,business,technology",2024-01-27
757,Ananya Diya,Pune,28,"spiritual,business,sports",2024-08-30
758,Myra Diya,Chennai,28,"education,spiritual,technology",2024-03-29
759,Aditya Ishaan,Bangalore,58,"business,entertainment,food",2025-04-11
760,Ananya Ishaan,Pune,22,"food,cultural,sports",2022-10-03
761,Ishaan Krishna,Bangalore,35,"education,spiritual,sports",2025-03-30
762,Diya Krishna,Delhi,32,"food,technology,cultural",2023-07-19
763,Arjun Krishna,Mumbai,35,"technology,food,cultural",2023-08-26
764,Myra Vihaan,Ahmedabad,49,"business,food,cultural",2025-02-14
765,Anika Anika,Lucknow,56,"food,spiritual,sports",2025-02-02
766,Ananya Vihaan,Chennai,59,"food,spiritual,entertainment",2024-03-19
767,Aarav Ananya,Chennai,31,"cultural,sports,technology",2024-04-10
768,Anika Aarav,Mumbai,47,"sports,business,technology",2022-10-17
769,Arjun Arjun,Chennai,21,"business,entertainment,cultural",2024-03-01
770,Aditya Ishaan,Hyderabad,18,"spiritual,education,cultural",2025-01-06
771,Ananya Aarav,Pune,31,"food,business,cultural",2023-11-23
772,Aarav Ishaan,Mumbai,31,"technology,food,education",2025-06-02
773,Myra Shaurya,Bangalore,22,"cultural,business,education",2023-04-18
774,Shaurya Myra,Mumbai,46,"technology,cultural,sports",2023-01-27
775,Diya Shaurya,Ahmedabad,22,"business,entertainment,spiritual",2023-11-11
776,Aarav Ishaan,Kolkata,37,"technology,business,cultural",2023-06-16
777,Arjun Vihaan,Lucknow,39,"business,entertainment,technology",2024-04-23
778,Ishaan Arjun,Mumbai,51,"cultural,education,sports",2025-06-05
779,Aarav Ishaan,Hyderabad,20,"sports,cultural,entertainment",2022-10-31
780,Anika Aditya,Lucknow,38,"business,education,cultural",2024-01-15
781,Diya Aarav,Chennai,52,"cultural,technology,business",2025-03-08
782,Aanya Aarav,Hyderabad,33,"entertainment,food,sports",2023-05-11
783,Aditya Aanya,Kolkata,57,"technology,entertainment,spiritual",2024-03-22
784,Aditya Anika,Ahmedabad,46,"entertainment,spiritual,sports",2023-06-10
785,Diya Shaurya,Delhi,22,"education,technology,sports",2023-06-05
786,Ananya Aarav,Pune,37,"technology,sports,entertainment",2023-09-17
787,Aarav Aarav,Lucknow,19,"food,education,business",2023-03-01
788,Arjun Aditya,Kolkata,21,"sports,food,education",2023-02-23
789,Aarav Aditya,Delhi,36,"sports,entertainment,food",2023-09-22
790,Vihaan Ananya,Ahmedabad,54,"technology,business,sports",2024-05-16
791,Aanya Vihaan,Bangalore,41,"education,food,cultural",2025-06-05
792,Shaurya Myra,Hyderabad,23,"sports,cultural,business",2024-11-12
793,Myra Anika,Bangalore,51,"sports,entertainment,cultural",2023-11-13
794,Shaurya Ishaan,Chennai,60,"education,sports,entertainment",2025-04-17
795,Aditya Diya,Kolkata,49,"business,technology,entertainment",2023-04-06
796,Anika Krishna,Mumbai,43,"education,spiritual,cultural",2022-11-27
797,Anika Vihaan,Lucknow,20,"entertainment,spiritual,cultural",2023-08-05
798,Aanya Vihaan,Jaipur,52,"sports,business,cultural",2024-07-05
799,Krishna Arjun,Lucknow,26,"technology,cultural,spiritual",2024-07-11
800,Diya Ananya,Lucknow,50,"entertainment,food,education",2022-10-09
801,Anika Myra,Ahmedabad,52,"sports,business,education",2023-12-26
802,Myra Arjun,Jaipur,29,"spiritual,sports,business",2023-02-10
803,Ananya Diya,Kolkata,24,"education,spiritual,cultural",2024-08-11
804,Diya Aanya,Kolkata,19,"sports,education,business",2023-11-17
805,Aanya Diya,Delhi,43,"sports,spiritual,food",2024-04-27
806,Ananya Ishaan,Jaipur,35,"business,entertainment,spiritual",2023-09-21
807,Anika Aanya,Delhi,25,"cultural,entertainment,business",2024-03-27
808,Myra Diya,Bangalore,27,"business,cultural,technology",2023-06-10
809,Ananya Ananya,Mumbai,53,"food,technology,cultural",2023-03-29
810,Diya Shaurya,Lucknow,53,"education,spiritual,sports",2025-04-22
811,Ananya Aditya,Bangalore,46,"entertainment,business,technology",2024-09-02
812,Krishna Myra,Hyderabad,25,"cultural,education,spiritual",2023-11-23
813,Shaurya Aarav,Ahmedabad,27,"cultural,business,spiritual",2023-08-21
814,Ishaan Aditya,Lucknow,59,"technology,education,business",2023-12-22
815,Krishna Myra,Kolkata,27,"cultural,business,sports",2024-07-04
816,Myra Ananya,Mumbai,54,"food,business,technology",2023-04-03
817,Vihaan Shaurya,Mumbai,52,"technology,cultural,food",2022-10-29
818,Arjun Vihaan,Lucknow,28,"entertainment,spiritual,education",2023-07-23
819,Myra Vihaan,Bangalore,40,"education,food,business",2023-08-08
820,Shaurya Ishaan,Chennai,40,"business,spiritual,education",2023-04-09
821,Shaurya Anika,Jaipur,30,"cultural,food,education",2024-12-01
822,Aarav Shaurya,Pune,44,"business,education,food",2024-10-01
823,Anika Aditya,Lucknow,26,"business,education,cultural",2025-02-25
824,Ishaan Shaurya,Mumbai,30,"business,technology,spiritual",2023-09-20
825,Anika Ishaan,Bangalore,39,"entertainment,technology,business",2025-04-02
826,Krishna Arjun,Kolkata,42,"entertainment,cultural,spiritual",2025-06-14
827,Vihaan Anika,Mumbai,36,"spiritual,business,food",2023-10-18
828,Shaurya Myra,Ahmedabad,48,"entertainment,technology,business",2023-02-24
829,Aanya Ishaan,Delhi,18,"spiritual,technology,entertainment",2022-12-09
830,Shaurya Vihaan,Mumbai,48,"sports,technology,cultural",2024-03-16
831,Aanya Anika,Jaipur,59,"entertainment,food,education",2024-08-20
832,Aanya Ishaan,Lucknow,49,"education,spiritual,entertainment",2023-12-24
833,Ananya Myra,Mumbai,51,"technology,education,entertainment",2022-11-23
834,Aanya Arjun,Hyderabad,25,"business,sports,food",2022-11-18
835,Aditya Shaurya,Pune,42,"entertainment,technology,education",2023-03-18
836,Arjun Vihaan,Bangalore,51,"spiritual,technology,cultural",2024-08-11
837,Aanya Aanya,Delhi,28,"business,entertainment,cultural",2023-05-06
838,Myra Diya,Ahmedabad,41,"education,entertainment,food",2024-04-24
839,Aanya Aarav,Hyderabad,53,"technology,food,cultural",2024-04-06
840,Aarav Diya,Delhi,32,"education,spiritual,business",2023-05-18
841,Myra Aanya,Kolkata,27,"food,education,entertainment",2023-08-03
842,Vihaan Diya,Mumbai,41,"cultural,business,food",2024-07-10
843,Anika Shaurya,Kolkata,59,"business,entertainment,spiritual",2024-03-08
844,Krishna Myra,Delhi,22,"food,sports,spiritual",2023-11-24
845,Myra Vihaan,Pune,36,"cultural,business,entertainment",2023-09-12
846,Ananya Ishaan,Ahmedabad,59,"business,education,entertainment",2023-10-30
847,Ishaan Shaurya,Chennai,49,"sports,education,technology",2023-12-25
848,Aditya Arjun,Mumbai,20,"cultural,entertainment,business",2024-12-16
849,Vihaan Arjun,Delhi,49,"technology,food,business",2025-03-02
850,Aarav Myra,Jaipur,23,"technology,education,business",2022-10-30
851,Vihaan Aanya,Jaipur,45,"sports,business,food",2023-04-04
852,Aarav Krishna,Pune,28,"business,cultural,entertainment",2024-08-19
853,Vihaan Arjun,Delhi,19,"technology,spiritual,entertainment",2023-06-06
854,Vihaan Krishna,Bangalore,19,"food,cultural,entertainment",2024-01-21
855,Aanya Diya,Bangalore,50,"food,cultural,business",2024-04-13
856,Aanya Diya,Delhi,39,"business,sports,food",2025-05-15
857,Myra Shaurya,Jaipur,35,"entertainment,business,food",2025-05-23
858,Anika Aditya,Lucknow,36,"sports,food,technology",2025-03-24
859,Myra Ananya,Ahmedabad,53,"business,entertainment,food",2025-01-03
860,Myra Krishna,Chennai,22,"cultural,entertainment,business",2024-08-30
861,Ishaan Aanya,Kolkata,60,"food,spiritual,business",2024-06-22
862,Myra Aditya,Ahmedabad,27,"business,cultural,food",2024-10-31
863,Ananya Aditya,Kolkata,36,"food,education,entertainment",2023-07-12
864,Diya Diya,Delhi,32,"cultural,entertainment,education",2023-12-13
865,Ishaan Arjun,Hyderabad,39,"cultural,spiritual,entertainment",2023-03-21
866,Aanya Krishna,Hyderabad,59,"entertainment,food,cultural",2023-09-14
867,Ananya Aanya,Pune,22,"entertainment,sports,education",2023-09-16
868,Arjun Anika,Hyderabad,52,"entertainment,business,sports",2023-12-08
869,Krishna Krishna,Chennai,51,"technology,cultural,business",2024-07-20
870,Myra Ananya,Delhi,46,"spiritual,technology,education",2024-08-13
871,Vihaan Krishna,Pune,48,"spiritual,cultural,business",2025-05-24
872,Ishaan Ananya,Lucknow,50,"spiritual,entertainment,sports",2025-04-17
873,Aarav Shaurya,Lucknow,29,"cultural,entertainment,technology",2024-05-20
874,Aanya Ishaan,Hyderabad,27,"cultural,education,technology",2024-10-10
875,Myra Aarav,Jaipur,29,"cultural,entertainment,food",2023-07-12
876,Aarav Ananya,Bangalore,26,"spiritual,cultural,entertainment",2024-01-28
877,Aanya Shaurya,Delhi,48,"technology,education,food",2023-07-15
878,Diya Diya,Hyderabad,55,"spiritual,sports,education",2023-03-21
879,Krishna Myra,Jaipur,31,"technology,sports,spiritual",2025-01-24
880,Arjun Aarav,Ahmedabad,35,"business,sports,spiritual",2025-01-03
881,Diya Myra,Chennai,22,"business,sports,cultural",2023-01-14
882,Ananya Arjun,Lucknow,25,"technology,sports,entertainment",2023-09-15
883,Ishaan Aarav,Kolkata,48,"sports,education,entertainment",2024-12-24
884,Aanya Aanya,Pune,54,"food,education,business",2022-09-28
885,Krishna Aarav,Mumbai,18,"spiritual,technology,sports",2023-06-12
886,Anika Aditya,Ahmedabad,29,"sports,business,spiritual",2025-03-17
887,Krishna Ishaan,Bangalore,31,"sports,entertainment,spiritual",2025-05-01
888,Ishaan Ishaan,Hyderabad,39,"business,entertainment,cultural",2023-04-03
889,Aditya Diya,Jaipur,60,"cultural,business,food",2022-10-13
890,Diya Vihaan,Kolkata,23,"business,education,spiritual",2022-11-07
891,Vihaan Krishna,Delhi,33,"business,spiritual,technology",2025-04-13
892,Ishaan Krishna,Kolkata,51,"education,sports,food",2023-12-23
893,Anika Diya,Bangalore,37,"food,cultural,spiritual",2023-11-08
894,Aarav Anika,Pune,55,"entertainment,technology,sports",2023-01-26
895,Diya Aarav,Ahmedabad,24,"food,entertainment,sports",2023-10-26
896,Ananya Krishna,Bangalore,44,"business,technology,cultural",2024-04-12
897,Anika Anika,Lucknow,37,"entertainment,business,education",2024-11-28
898,Aditya Krishna,Pune,50,"food,cultural,technology",2023-11-08
899,Aditya Ishaan,Lucknow,19,"technology,education,spiritual",2024-05-01
900,Arjun Krishna,Bangalore,27,"business,technology,spiritual",2023-11-27
901,Aditya Myra,Bangalore,27,"sports,education,entertainment",2025-05-05
902,Aarav Myra,Kolkata,31,"entertainment,education,cultural",2023-01-30
903,Ananya Diya,Chennai,25,"education,sports,spiritual",2023-11-14
904,Anika Aditya,Ahmedabad,29,"business,entertainment,technology",2023-09-23
905,Aditya Anika,Kolkata,36,"cultural,entertainment,education",2024-09-30
906,Ishaan Krishna,Chennai,27,"cultural,technology,entertainment",2024-08-31
907,Ishaan Myra,Mumbai,38,"entertainment,cultural,technology",2024-09-25
908,Anika Aanya,Delhi,49,"education,sports,business",2024-10-20
909,Aarav Arjun,Bangalore,38,"entertainment,education,business",2024-04-21
910,Arjun Aditya,Mumbai,36,"sports,spiritual,technology",2024-03-05
911,Krishna Shaurya,Ahmedabad,26,"cultural,food,education",2023-02-23
912,Aditya Aarav,Kolkata,50,"food,technology,sports",2024-01-27
913,Diya Ishaan,Hyderabad,36,"sports,technology,education",2025-02-26
914,Krishna Krishna,Kolkata,30,"entertainment,education,business",2025-04-16
915,Arjun Myra,Delhi,46,"cultural,food,sports",2025-05-28
916,Arjun Aarav,Ahmedabad,35,"business,technology,sports",2022-10-17
917,Aditya Vihaan,Kolkata,60,"spiritual,cultural,entertainment",2024-02-03
918,Vihaan Aarav,Delhi,44,"education,business,spiritual",2024-04-19
919,Diya Diya,Delhi,22,"food,technology,entertainment",2024-04-08
920,Ishaan Aanya,Pune,45,"spiritual,cultural,food",2024-08-27
921,Shaurya Aditya,Mumbai,25,"food,sports,entertainment",2023-06-20
922,Arjun Anika,Lucknow,55,"entertainment,cultural,food",2023-03-19
923,Shaurya Ananya,Hyderabad,57,"food,cultural,business",2023-11-10
924,Arjun Shaurya,Jaipur,30,"technology,entertainment,sports",2023-05-03
925,Aanya Aditya,Delhi,46,"technology,food,entertainment",2023-05-24
926,Aditya Diya,Kolkata,25,"food,entertainment,education",2025-04-24
927,Aarav Ananya,Hyderabad,50,"cultural,spiritual,technology",2024-11-10
928,Krishna Ananya,Pune,60,"spiritual,technology,sports",2023-08-28
929,Anika Aarav,Hyderabad,49,"cultural,education,sports",2025-04-07
930,Arjun Shaurya,Chennai,46,"sports,business,spiritual",2024-11-01
931,Aanya Vihaan,Hyderabad,39,"business,spiritual,technology",2024-10-12
932,Arjun Aarav,Lucknow,38,"education,entertainment,spiritual",2025-05-31
933,Vihaan Vihaan,Delhi,31,"education,food,entertainment",2024-08-30
934,Anika Aanya,Bangalore,33,"spiritual,food,business",2025-05-24
935,Anika Anika,Delhi,22,"technology,business,spiritual",2025-01-23
936,Aditya Ishaan,Jaipur,37,"cultural,spiritual,education",2023-07-11
937,Aarav Myra,Jaipur,46,"business,entertainment,spiritual",2024-01-12
938,Aarav Arjun,Ahmedabad,36,"cultural,food,spiritual",2025-05-22
939,Aditya Krishna,Delhi,29,"food,cultural,education",2024-11-08
940,Krishna Myra,Chennai,49,"business,cultural,sports",2023-02-12
941,Diya Vihaan,Lucknow,31,"business,cultural,technology",2024-05-27
942,Aanya Vihaan,Jaipur,48,"entertainment,education,food",2022-12-08
943,Aditya Ananya,Pune,30,"education,sports,cultural",2023-12-29
944,Vihaan Aanya,Kolkata,32,"sports,business,education",2024-07-07
945,Ishaan Vihaan,Ahmedabad,36,"sports,entertainment,technology",2023-04-11
946,Vihaan Myra,Kolkata,19,"cultural,technology,business",2023-09-01
947,Anika Aanya,Ahmedabad,20,"business,education,spiritual",2023-12-21
948,Ishaan Ishaan,Delhi,51,"food,entertainment,business",2023-04-10
949,Aanya Krishna,Bangalore,31,"food,education,technology",2024-09-01
950,Myra Krishna,Pune,21,"spiritual,education,entertainment",2023-06-21
951,Ananya Myra,Kolkata,37,"technology,spiritual,sports",2023-09-04
952,Krishna Aanya,Hyderabad,39,"spiritual,education,technology",2025-06-21
953,Ananya Diya,Hyderabad,29,"sports,food,entertainment",2024-08-27
954,Aarav Arjun,Chennai,32,"education,food,spiritual",2025-06-08
955,Diya Anika,Kolkata,56,"entertainment,education,food",2025-03-19
956,Ananya Aanya,Bangalore,31,"food,business,cultural",2024-10-08
957,Arjun Aditya,Mumbai,56,"business,food,entertainment",2024-09-27
958,Ishaan Diya,Lucknow,18,"technology,cultural,entertainment",2023-11-26
959,Diya Aanya,Delhi,21,"spiritual,business,cultural",2023-05-26
960,Ishaan Vihaan,Delhi,20,"education,sports,business",2025-05-19
961,Ananya Vihaan,Ahmedabad,27,"business,sports,spiritual",2022-11-14
962,Aditya Aarav,Ahmedabad,50,"cultural,business,education",2025-01-29
963,Myra Ananya,Pune,45,"entertainment,education,business",2023-04-23
964,Diya Ananya,Chennai,52,"technology,business,cultural",2024-06-03
965,Myra Shaurya,Ahmedabad,41,"food,sports,technology",2024-06-17
966,Shaurya Diya,Mumbai,48,"spiritual,entertainment,food",2023-01-10
967,Krishna Vihaan,Mumbai,30,"food,entertainment,business",2022-11-19
968,Diya Diya,Kolkata,33,"education,spiritual,food",2023-07-15
969,Myra Vihaan,Bangalore,58,"education,food,entertainment",2025-01-09
970,Anika Arjun,Chennai,46,"food,spiritual,cultural",2024-03-21
971,Krishna Arjun,Pune,38,"entertainment,education,food",2024-10-15
972,Diya Ishaan,Hyderabad,47,"sports,education,food",2025-02-21
973,Shaurya Shaurya,Jaipur,20,"technology,spiritual,entertainment",2025-05-14
974,Ishaan Arjun,Jaipur,60,"entertainment,cultural,education",2024-11-09
975,Aditya Krishna,Chennai,58,"education,spiritual,business",2024-08-25
976,Anika Krishna,Delhi,53,"food,spiritual,sports",2023-01-04
977,Anika Aanya,Delhi,25,"business,technology,education",2023-02-08
978,Aarav Aarav,Mumbai,28,"education,entertainment,cultural",2023-05-13
979,Arjun Aditya,Pune,51,"sports,food,business",2024-05-16
980,Krishna Aditya,Mumbai,35,"cultural,spiritual,food",2023-11-05
981,Arjun Myra,Kolkata,54,"technology,sports,entertainment",2023-05-26
982,Aditya Ananya,Pune,30,"entertainment,spiritual,education",2025-02-06
983,Vihaan Diya,Mumbai,23,"sports,food,education",2024-02-11
984,Myra Ishaan,Hyderabad,38,"food,education,entertainment",2023-06-15
985,Anika Myra,Hyderabad,36,"food,entertainment,sports",2024-05-14
986,Diya Shaurya,Hyderabad,31,"cultural,food,entertainment",2024-06-10
987,Anika Vihaan,Hyderabad,54,"food,business,entertainment",2024-07-31
988,Anika Aarav,Pune,41,"cultural,education,technology",2024-09-20
989,Vihaan Aditya,Hyderabad,43,"entertainment,education,cultural",2024-07-19
990,Aarav Vihaan,Chennai,47,"food,entertainment,education",2024-09-15
991,Myra Shaurya,Chennai,26,"entertainment,education,food",2024-11-27
992,Aanya Aanya,Kolkata,56,"education,spiritual,cultural",2025-01-25
993,Aarav Aarav,Ahmedabad,42,"business,entertainment,spiritual",2024-11-11
994,Shaurya Aanya,Kolkata,22,"food,spiritual,entertainment",2023-11-26
995,Ishaan Ananya,Lucknow,50,"spiritual,cultural,food",2024-07-30
996,Ananya Krishna,Bangalore,36,"education,entertainment,business",2024-08-10
997,Aditya Aditya,Pune,47,"food,technology,entertainment",2025-03-30
998,Ishaan Vihaan,Mumbai,29,"entertainment,cultural,business",2023-04-27
999,Krishna Ishaan,Ahmedabad,35,"education,business,entertainment",2024-05-02
